شناسه کالا,دسته‌بندی,رنگ,متریال,سبک طراحی,کاربرد,جنسیت
1,خانه و دکور,تیره و لوکس,چوبی,لوکس و رسمی,کاری,مردانه
2,کتاب و محصولات آموزشی,اصلی,ترکیبی,کلاسیک,شخصی,مردانه
3,لوازم سفر و گردشگری,طبیعی,خاص,کلاسیک,شخصی,مردانه
4,زیبایی و بهداشت,تیره و لوکس,پارچه,کلاسیک,شخصی,زنانه
5,کتاب و محصولات آموزشی,خنثی,پارچه,لوکس و رسمی,شخصی,مردانه
6,پوشاک و اکسسوری,فلزی,فلزات,کلاسیک,شخصی,مردانه
7,کتاب و محصولات آموزشی,خنثی,شیشه و سرامیک,کلاسیک,سرگرمی,زنانه
8,ورزش و تناسب اندام,خنثی,پارچه,کلاسیک,تکنولوژی,مردانه
9,پوشاک و اکسسوری,خنثی,چوبی,کلاسیک,شخصی,زنانه
10,پازل‌ها و بازی‌ها,خنثی,شیشه و سرامیک,طبیعت‌محور,شخصی,مردانه
11,پوشاک و اکسسوری,طبیعی,فلزات,کلاسیک,کاری,زنانه
12,الکترونیک,فلزی,پارچه,کلاسیک,سرگرمی,خنثی
13,پوشاک و اکسسوری,خنثی,چوبی,طبیعت‌محور,شخصی,زنانه
14,زیبایی و بهداشت,فلزی,پارچه,لوکس و رسمی,شخصی,مردانه
15,الکترونیک,فلزی,خاص,کلاسیک,شخصی,مردانه
16,زیبایی و بهداشت,فلزی,شیشه و سرامیک,لوکس و رسمی,سرگرمی,مردانه
17,ورزش و تناسب اندام,تیره و لوکس,چوبی,طبیعت‌محور,کاری,مردانه
18,لوازم سفر و گردشگری,خنثی,چوبی,منطقه‌ای,شخصی,زنانه
19,خانه و دکور,اصلی,چوبی,هنری,شخصی,مردانه
20,کتاب و محصولات آموزشی,اصلی,پارچه,لوکس و رسمی,شخصی,زنانه
21,لوازم سفر و گردشگری,خنثی,چوبی,طبیعت‌محور,کاری,زنانه
22,پازل‌ها و بازی‌ها,ثانویه,پارچه,فانتزی و خاص,شخصی,مردانه
23,پوشاک و اکسسوری,خنثی,پارچه,کلاسیک,شخصی,زنانه
24,کتاب و محصولات آموزشی,فلزی,پارچه,لوکس و رسمی,کاری,مردانه
25,الکترونیک,اصلی,خاص,کلاسیک,شخصی,مردانه
26,کتاب و محصولات آموزشی,ثانویه,پارچه,کلاسیک,سلامت,مردانه
27,ورزش و تناسب اندام,خنثی,فلزات,منطقه‌ای,کاری,زنانه
28,پازل‌ها و بازی‌ها,خنثی,پارچه,طبیعت‌محور,شخصی,مردانه
29,الکترونیک,خنثی,خاص,مدرن,شخصی,خنثی
30,کتاب و محصولات آموزشی,فلزی,چوبی,مدرن,سلامت,زنانه
31,الکترونیک,طبیعی,پلاستیک,لوکس و رسمی,کاری,مردانه
32,کتاب و محصولات آموزشی,فلزی,خاص,منطقه‌ای,تناسب اندام,خنثی
33,الکترونیک,روشن و شاد,فلزات,منطقه‌ای,دکور,مردانه
34,لوازم سفر و گردشگری,روشن و شاد,خاص,منطقه‌ای,شخصی,مردانه
35,الکترونیک,تیره و لوکس,چوبی,کلاسیک,شخصی,زنانه
36,الکترونیک,اصلی,ترکیبی,منطقه‌ای,شخصی,مردانه
37,پازل‌ها و بازی‌ها,ثانویه,پارچه,کلاسیک,شخصی,مردانه
38,الکترونیک,خنثی,فلزات,فانتزی و خاص,کاری,زنانه
39,الکترونیک,فلزی,پارچه,کلاسیک,شخصی,زنانه
40,پوشاک و اکسسوری,تیره و لوکس,پارچه,فانتزی و خاص,دکور,مردانه
41,الکترونیک,خنثی,پارچه,فانتزی و خاص,شخصی,مردانه
42,زیبایی و بهداشت,خنثی,پارچه,کلاسیک,شخصی,مردانه
43,الکترونیک,خنثی,فلزات,کلاسیک,شخصی,مردانه
44,لوازم سفر و گردشگری,فلزی,پارچه,منطقه‌ای,شخصی,مردانه
45,لوازم سفر و گردشگری,خنثی,پارچه,کلاسیک,سلامت,مردانه
46,الکترونیک,اصلی,پلاستیک,هنری,دکور,مردانه
47,لوازم سفر و گردشگری,طبیعی,شیشه و سرامیک,مدرن,سرگرمی,مردانه
48,الکترونیک,فلزی,پارچه,طبیعت‌محور,شخصی,مردانه
49,کتاب و محصولات آموزشی,فلزی,فلزات,کلاسیک,شخصی,مردانه
50,الکترونیک,فلزی,شیشه و سرامیک,کلاسیک,شخصی,زنانه
51,الکترونیک,طبیعی,پلاستیک,لوکس و رسمی,شخصی,مردانه
52,لوازم سفر و گردشگری,طبیعی,چوبی,کلاسیک,دکور,مردانه
53,زیبایی و بهداشت,فلزی,شیشه و سرامیک,طبیعت‌محور,کاری,زنانه
54,الکترونیک,طبیعی,خاص,مدرن,دکور,زنانه
55,الکترونیک,تیره و لوکس,خاص,طبیعت‌محور,سلامت,مردانه
56,الکترونیک,اصلی,پارچه,کلاسیک,کاری,مردانه
57,الکترونیک,تیره و لوکس,پارچه,کلاسیک,شخصی,مردانه
58,زیبایی و بهداشت,خنثی,چوبی,مدرن,سرگرمی,مردانه
59,کتاب و محصولات آموزشی,روشن و شاد,پلاستیک,کلاسیک,سلامت,زنانه
60,خانه و دکور,طبیعی,خاص,مدرن,سلامت,مردانه
61,زیبایی و بهداشت,روشن و شاد,ترکیبی,کلاسیک,شخصی,مردانه
62,الکترونیک,فلزی,پارچه,لوکس و رسمی,شخصی,زنانه
63,الکترونیک,طبیعی,شیشه و سرامیک,مدرن,سرگرمی,مردانه
64,پوشاک و اکسسوری,خنثی,پارچه,فانتزی و خاص,کاری,مردانه
65,الکترونیک,فلزی,پارچه,کلاسیک,تکنولوژی,زنانه
66,پوشاک و اکسسوری,خنثی,ترکیبی,مدرن,سلامت,زنانه
67,ورزش و تناسب اندام,تیره و لوکس,پارچه,فانتزی و خاص,شخصی,مردانه
68,الکترونیک,تیره و لوکس,خاص,فانتزی و خاص,شخصی,مردانه
69,پازل‌ها و بازی‌ها,خنثی,چوبی,منطقه‌ای,شخصی,مردانه
70,الکترونیک,خنثی,پارچه,فانتزی و خاص,شخصی,خنثی
71,الکترونیک,خنثی,پارچه,منطقه‌ای,سرگرمی,مردانه
72,کتاب و محصولات آموزشی,اصلی,چوبی,کلاسیک,سرگرمی,زنانه
73,زیبایی و بهداشت,اصلی,پارچه,هنری,شخصی,خنثی
74,لوازم سفر و گردشگری,تیره و لوکس,پارچه,کلاسیک,شخصی,مردانه
75,پازل‌ها و بازی‌ها,طبیعی,خاص,کلاسیک,شخصی,مردانه
76,پوشاک و اکسسوری,اصلی,پلاستیک,کلاسیک,تناسب اندام,مردانه
77,پازل‌ها و بازی‌ها,روشن و شاد,چوبی,کلاسیک,تکنولوژی,مردانه
78,خانه و دکور,خنثی,چوبی,کلاسیک,شخصی,مردانه
79,الکترونیک,تیره و لوکس,فلزات,مدرن,شخصی,زنانه
80,ورزش و تناسب اندام,خنثی,خاص,فانتزی و خاص,دکور,خنثی
81,الکترونیک,طبیعی,پارچه,لوکس و رسمی,سلامت,زنانه
82,پوشاک و اکسسوری,خنثی,فلزات,کلاسیک,دکور,مردانه
83,ورزش و تناسب اندام,خنثی,چوبی,فانتزی و خاص,شخصی,مردانه
84,الکترونیک,تیره و لوکس,پارچه,کلاسیک,دکور,مردانه
85,الکترونیک,خنثی,شیشه و سرامیک,مدرن,شخصی,مردانه
86,کتاب و محصولات آموزشی,تیره و لوکس,پارچه,مدرن,سرگرمی,مردانه
87,الکترونیک,خنثی,پارچه,کلاسیک,شخصی,مردانه
88,پوشاک و اکسسوری,طبیعی,پارچه,کلاسیک,سرگرمی,مردانه
89,کتاب و محصولات آموزشی,خنثی,پارچه,منطقه‌ای,شخصی,مردانه
90,لوازم سفر و گردشگری,تیره و لوکس,پارچه,مدرن,شخصی,مردانه
91,پوشاک و اکسسوری,طبیعی,چوبی,منطقه‌ای,شخصی,مردانه
92,الکترونیک,روشن و شاد,پارچه,مدرن,شخصی,زنانه
93,لوازم سفر و گردشگری,خنثی,فلزات,کلاسیک,شخصی,مردانه
94,پازل‌ها و بازی‌ها,خنثی,پارچه,کلاسیک,شخصی,زنانه
95,زیبایی و بهداشت,خنثی,چوبی,کلاسیک,کاری,مردانه
96,پوشاک و اکسسوری,خنثی,شیشه و سرامیک,لوکس و رسمی,کاری,زنانه
97,زیبایی و بهداشت,تیره و لوکس,پارچه,کلاسیک,شخصی,مردانه
98,الکترونیک,تیره و لوکس,شیشه و سرامیک,کلاسیک,شخصی,مردانه
99,الکترونیک,تیره و لوکس,پارچه,کلاسیک,تناسب اندام,خنثی
100,زیبایی و بهداشت,فلزی,فلزات,فانتزی و خاص,سلامت,مردانه
101,پوشاک و اکسسوری,خنثی,خاص,لوکس و رسمی,شخصی,مردانه
102,الکترونیک,فلزی,ترکیبی,طبیعت‌محور,شخصی,خنثی
103,پوشاک و اکسسوری,روشن و شاد,چوبی,منطقه‌ای,شخصی,مردانه
104,الکترونیک,طبیعی,خاص,لوکس و رسمی,شخصی,مردانه
105,خانه و دکور,طبیعی,فلزات,لوکس و رسمی,شخصی,مردانه
106,پوشاک و اکسسوری,اصلی,چوبی,فانتزی و خاص,تناسب اندام,زنانه
107,الکترونیک,فلزی,فلزات,طبیعت‌محور,سرگرمی,زنانه
108,زیبایی و بهداشت,اصلی,خاص,فانتزی و خاص,کاری,زنانه
109,الکترونیک,خنثی,ترکیبی,کلاسیک,تناسب اندام,خنثی
110,لوازم سفر و گردشگری,طبیعی,فلزات,کلاسیک,دکور,مردانه
111,زیبایی و بهداشت,خنثی,چوبی,لوکس و رسمی,تکنولوژی,مردانه
112,لوازم سفر و گردشگری,تیره و لوکس,خاص,کلاسیک,سلامت,مردانه
113,لوازم سفر و گردشگری,طبیعی,پارچه,فانتزی و خاص,دکور,زنانه
114,زیبایی و بهداشت,روشن و شاد,پلاستیک,کلاسیک,سلامت,مردانه
115,لوازم سفر و گردشگری,خنثی,خاص,مدرن,سلامت,مردانه
116,الکترونیک,طبیعی,چوبی,مدرن,دکور,زنانه
117,پوشاک و اکسسوری,تیره و لوکس,پلاستیک,طبیعت‌محور,شخصی,خنثی
118,کتاب و محصولات آموزشی,خنثی,چوبی,مدرن,کاری,زنانه
119,پازل‌ها و بازی‌ها,ثانویه,چوبی,کلاسیک,سلامت,زنانه
120,الکترونیک,فلزی,پارچه,کلاسیک,شخصی,مردانه
121,الکترونیک,تیره و لوکس,چوبی,کلاسیک,شخصی,زنانه
122,کتاب و محصولات آموزشی,خنثی,چوبی,هنری,شخصی,زنانه
123,کتاب و محصولات آموزشی,اصلی,پارچه,فانتزی و خاص,شخصی,مردانه
124,کتاب و محصولات آموزشی,خنثی,چوبی,کلاسیک,شخصی,خنثی
125,الکترونیک,فلزی,فلزات,کلاسیک,سلامت,مردانه
126,خانه و دکور,خنثی,خاص,کلاسیک,دکور,مردانه
127,لوازم سفر و گردشگری,خنثی,ترکیبی,کلاسیک,دکور,مردانه
128,لوازم سفر و گردشگری,خنثی,خاص,کلاسیک,سلامت,مردانه
129,کتاب و محصولات آموزشی,خنثی,چوبی,کلاسیک,سلامت,مردانه
130,زیبایی و بهداشت,ثانویه,پارچه,طبیعت‌محور,تکنولوژی,زنانه
131,الکترونیک,طبیعی,خاص,لوکس و رسمی,سلامت,خنثی
132,خانه و دکور,روشن و شاد,ترکیبی,کلاسیک,شخصی,مردانه
133,لوازم سفر و گردشگری,اصلی,فلزات,کلاسیک,سلامت,مردانه
134,پوشاک و اکسسوری,طبیعی,فلزات,مدرن,دکور,زنانه
135,پوشاک و اکسسوری,فلزی,خاص,لوکس و رسمی,تناسب اندام,مردانه
136,لوازم سفر و گردشگری,طبیعی,ترکیبی,کلاسیک,سلامت,زنانه
137,لوازم سفر و گردشگری,خنثی,پلاستیک,فانتزی و خاص,شخصی,مردانه
138,خانه و دکور,طبیعی,خاص,کلاسیک,سرگرمی,خنثی
139,الکترونیک,خنثی,پارچه,کلاسیک,دکور,مردانه
140,الکترونیک,تیره و لوکس,پارچه,کلاسیک,سلامت,مردانه
141,الکترونیک,خنثی,پارچه,فانتزی و خاص,شخصی,زنانه
142,لوازم سفر و گردشگری,خنثی,خاص,هنری,سرگرمی,زنانه
143,الکترونیک,تیره و لوکس,خاص,مدرن,شخصی,زنانه
144,لوازم سفر و گردشگری,فلزی,چوبی,لوکس و رسمی,سرگرمی,مردانه
145,کتاب و محصولات آموزشی,فلزی,پارچه,کلاسیک,سرگرمی,خنثی
146,کتاب و محصولات آموزشی,تیره و لوکس,فلزات,منطقه‌ای,شخصی,خنثی
147,زیبایی و بهداشت,تیره و لوکس,خاص,مدرن,دکور,مردانه
148,الکترونیک,تیره و لوکس,چوبی,منطقه‌ای,شخصی,زنانه
149,پوشاک و اکسسوری,خنثی,پارچه,منطقه‌ای,سلامت,زنانه
150,الکترونیک,طبیعی,پارچه,مدرن,دکور,مردانه
151,الکترونیک,خنثی,فلزات,کلاسیک,شخصی,مردانه
152,الکترونیک,خنثی,چوبی,کلاسیک,شخصی,مردانه
153,الکترونیک,طبیعی,پارچه,لوکس و رسمی,سرگرمی,زنانه
154,پازل‌ها و بازی‌ها,طبیعی,پارچه,مدرن,سلامت,مردانه
155,الکترونیک,تیره و لوکس,پارچه,کلاسیک,شخصی,مردانه
156,پوشاک و اکسسوری,طبیعی,پارچه,مدرن,شخصی,مردانه
157,الکترونیک,فلزی,پارچه,منطقه‌ای,شخصی,مردانه
158,زیبایی و بهداشت,فلزی,پارچه,طبیعت‌محور,شخصی,مردانه
159,پوشاک و اکسسوری,خنثی,پارچه,طبیعت‌محور,شخصی,مردانه
160,پوشاک و اکسسوری,اصلی,پارچه,طبیعت‌محور,کاری,خنثی
161,لوازم سفر و گردشگری,طبیعی,خاص,فانتزی و خاص,شخصی,خنثی
162,لوازم سفر و گردشگری,اصلی,شیشه و سرامیک,کلاسیک,شخصی,مردانه
163,زیبایی و بهداشت,روشن و شاد,خاص,کلاسیک,شخصی,مردانه
164,الکترونیک,خنثی,پارچه,طبیعت‌محور,تکنولوژی,مردانه
165,کتاب و محصولات آموزشی,فلزی,پارچه,مدرن,دکور,مردانه
166,الکترونیک,خنثی,خاص,کلاسیک,شخصی,مردانه
167,خانه و دکور,طبیعی,پارچه,کلاسیک,شخصی,مردانه
168,ورزش و تناسب اندام,روشن و شاد,پارچه,کلاسیک,شخصی,زنانه
169,الکترونیک,ثانویه,فلزات,کلاسیک,سرگرمی,زنانه
170,الکترونیک,خنثی,ترکیبی,فانتزی و خاص,شخصی,مردانه
171,پازل‌ها و بازی‌ها,خنثی,پلاستیک,مدرن,شخصی,مردانه
172,پوشاک و اکسسوری,خنثی,پارچه,کلاسیک,سرگرمی,مردانه
173,پوشاک و اکسسوری,تیره و لوکس,شیشه و سرامیک,مدرن,سرگرمی,مردانه
174,خانه و دکور,تیره و لوکس,چوبی,کلاسیک,شخصی,مردانه
175,ورزش و تناسب اندام,فلزی,ترکیبی,کلاسیک,تناسب اندام,مردانه
176,لوازم سفر و گردشگری,خنثی,شیشه و سرامیک,کلاسیک,شخصی,مردانه
177,لوازم سفر و گردشگری,تیره و لوکس,چوبی,مدرن,دکور,زنانه
178,زیبایی و بهداشت,اصلی,فلزات,کلاسیک,کاری,مردانه
179,پوشاک و اکسسوری,تیره و لوکس,پارچه,کلاسیک,شخصی,مردانه
180,الکترونیک,خنثی,پارچه,منطقه‌ای,تکنولوژی,خنثی
181,لوازم سفر و گردشگری,خنثی,پلاستیک,کلاسیک,کاری,زنانه
182,پوشاک و اکسسوری,فلزی,پارچه,لوکس و رسمی,شخصی,زنانه
183,لوازم سفر و گردشگری,فلزی,ترکیبی,هنری,سرگرمی,مردانه
184,کتاب و محصولات آموزشی,خنثی,پارچه,منطقه‌ای,شخصی,مردانه
185,کتاب و محصولات آموزشی,تیره و لوکس,چوبی,طبیعت‌محور,سلامت,زنانه
186,پازل‌ها و بازی‌ها,خنثی,فلزات,طبیعت‌محور,سرگرمی,مردانه
187,پوشاک و اکسسوری,تیره و لوکس,پارچه,مدرن,شخصی,مردانه
188,ورزش و تناسب اندام,روشن و شاد,چوبی,لوکس و رسمی,تکنولوژی,زنانه
189,لوازم سفر و گردشگری,ثانویه,فلزات,لوکس و رسمی,تکنولوژی,خنثی
190,الکترونیک,طبیعی,پلاستیک,کلاسیک,سلامت,مردانه
191,الکترونیک,خنثی,ترکیبی,کلاسیک,کاری,زنانه
192,الکترونیک,تیره و لوکس,چوبی,هنری,شخصی,مردانه
193,زیبایی و بهداشت,فلزی,ترکیبی,کلاسیک,کاری,مردانه
194,پوشاک و اکسسوری,خنثی,فلزات,لوکس و رسمی,دکور,مردانه
195,لوازم سفر و گردشگری,طبیعی,پارچه,طبیعت‌محور,شخصی,مردانه
196,لوازم سفر و گردشگری,خنثی,پارچه,کلاسیک,شخصی,مردانه
197,خانه و دکور,فلزی,چوبی,لوکس و رسمی,سلامت,مردانه
198,کتاب و محصولات آموزشی,ثانویه,پارچه,کلاسیک,شخصی,مردانه
199,الکترونیک,خنثی,پارچه,مدرن,کاری,زنانه
200,پازل‌ها و بازی‌ها,فلزی,ترکیبی,کلاسیک,شخصی,مردانه
201,لوازم سفر و گردشگری,خنثی,پارچه,لوکس و رسمی,شخصی,خنثی
202,کتاب و محصولات آموزشی,روشن و شاد,ترکیبی,کلاسیک,دکور,زنانه
203,الکترونیک,خنثی,چوبی,مدرن,سلامت,خنثی
204,کتاب و محصولات آموزشی,تیره و لوکس,چوبی,مدرن,سلامت,زنانه
205,الکترونیک,طبیعی,چوبی,کلاسیک,کاری,زنانه
206,خانه و دکور,خنثی,پارچه,کلاسیک,دکور,خنثی
207,الکترونیک,خنثی,خاص,منطقه‌ای,شخصی,زنانه
208,زیبایی و بهداشت,خنثی,پارچه,لوکس و رسمی,شخصی,زنانه
209,پوشاک و اکسسوری,اصلی,خاص,هنری,سلامت,مردانه
210,الکترونیک,فلزی,چوبی,کلاسیک,سرگرمی,زنانه
211,لوازم سفر و گردشگری,فلزی,شیشه و سرامیک,مدرن,شخصی,مردانه
212,زیبایی و بهداشت,ثانویه,چوبی,منطقه‌ای,سرگرمی,زنانه
213,زیبایی و بهداشت,تیره و لوکس,خاص,منطقه‌ای,شخصی,زنانه
214,الکترونیک,تیره و لوکس,خاص,مدرن,کاری,زنانه
215,کتاب و محصولات آموزشی,تیره و لوکس,فلزات,کلاسیک,شخصی,مردانه
216,لوازم سفر و گردشگری,اصلی,خاص,کلاسیک,شخصی,زنانه
217,الکترونیک,خنثی,چوبی,منطقه‌ای,شخصی,مردانه
218,الکترونیک,تیره و لوکس,پارچه,مدرن,شخصی,خنثی
219,الکترونیک,خنثی,پارچه,کلاسیک,کاری,خنثی
220,زیبایی و بهداشت,خنثی,پلاستیک,طبیعت‌محور,شخصی,مردانه
221,الکترونیک,تیره و لوکس,چوبی,کلاسیک,سرگرمی,زنانه
222,زیبایی و بهداشت,فلزی,ترکیبی,لوکس و رسمی,دکور,زنانه
223,زیبایی و بهداشت,اصلی,پارچه,کلاسیک,سرگرمی,زنانه
224,الکترونیک,طبیعی,پارچه,کلاسیک,سلامت,مردانه
225,لوازم سفر و گردشگری,تیره و لوکس,فلزات,کلاسیک,شخصی,مردانه
226,الکترونیک,طبیعی,خاص,کلاسیک,کاری,زنانه
227,الکترونیک,تیره و لوکس,چوبی,کلاسیک,سرگرمی,مردانه
228,الکترونیک,تیره و لوکس,چوبی,طبیعت‌محور,شخصی,مردانه
229,الکترونیک,فلزی,چوبی,کلاسیک,دکور,مردانه
230,الکترونیک,تیره و لوکس,خاص,کلاسیک,شخصی,مردانه
231,لوازم سفر و گردشگری,خنثی,خاص,طبیعت‌محور,دکور,خنثی
232,الکترونیک,اصلی,چوبی,طبیعت‌محور,کاری,مردانه
233,الکترونیک,خنثی,خاص,مدرن,شخصی,مردانه
234,خانه و دکور,فلزی,ترکیبی,لوکس و رسمی,دکور,زنانه
235,کتاب و محصولات آموزشی,فلزی,پارچه,کلاسیک,شخصی,زنانه
236,زیبایی و بهداشت,خنثی,پارچه,کلاسیک,تکنولوژی,مردانه
237,الکترونیک,فلزی,چوبی,کلاسیک,شخصی,مردانه
238,زیبایی و بهداشت,خنثی,فلزات,طبیعت‌محور,سلامت,مردانه
239,لوازم سفر و گردشگری,طبیعی,فلزات,کلاسیک,شخصی,زنانه
240,خانه و دکور,فلزی,پارچه,فانتزی و خاص,شخصی,مردانه
241,الکترونیک,روشن و شاد,پارچه,کلاسیک,شخصی,مردانه
242,ورزش و تناسب اندام,خنثی,خاص,منطقه‌ای,شخصی,زنانه
243,پازل‌ها و بازی‌ها,طبیعی,شیشه و سرامیک,فانتزی و خاص,شخصی,زنانه
244,الکترونیک,تیره و لوکس,پارچه,کلاسیک,کاری,مردانه
245,لوازم سفر و گردشگری,روشن و شاد,پارچه,مدرن,شخصی,مردانه
246,الکترونیک,فلزی,چوبی,مدرن,شخصی,مردانه
247,الکترونیک,فلزی,پارچه,کلاسیک,شخصی,مردانه
248,پوشاک و اکسسوری,فلزی,پارچه,کلاسیک,شخصی,زنانه
249,لوازم سفر و گردشگری,تیره و لوکس,شیشه و سرامیک,لوکس و رسمی,شخصی,مردانه
250,پوشاک و اکسسوری,خنثی,فلزات,منطقه‌ای,شخصی,مردانه
251,لوازم سفر و گردشگری,تیره و لوکس,شیشه و سرامیک,فانتزی و خاص,شخصی,مردانه
252,الکترونیک,خنثی,پلاستیک,منطقه‌ای,شخصی,مردانه
253,زیبایی و بهداشت,خنثی,پارچه,طبیعت‌محور,شخصی,مردانه
254,زیبایی و بهداشت,اصلی,خاص,کلاسیک,دکور,مردانه
255,پوشاک و اکسسوری,طبیعی,چوبی,فانتزی و خاص,شخصی,خنثی
256,لوازم سفر و گردشگری,فلزی,خاص,طبیعت‌محور,شخصی,مردانه
257,لوازم سفر و گردشگری,فلزی,فلزات,مدرن,شخصی,زنانه
258,کتاب و محصولات آموزشی,تیره و لوکس,پارچه,کلاسیک,شخصی,خنثی
259,زیبایی و بهداشت,خنثی,چوبی,کلاسیک,شخصی,مردانه
260,الکترونیک,اصلی,چوبی,مدرن,سرگرمی,مردانه
261,الکترونیک,تیره و لوکس,پارچه,لوکس و رسمی,تناسب اندام,مردانه
262,الکترونیک,تیره و لوکس,فلزات,طبیعت‌محور,سلامت,مردانه
263,پوشاک و اکسسوری,طبیعی,پارچه,هنری,کاری,مردانه
264,الکترونیک,طبیعی,چوبی,منطقه‌ای,شخصی,مردانه
265,الکترونیک,تیره و لوکس,پارچه,فانتزی و خاص,کاری,زنانه
266,الکترونیک,فلزی,پارچه,کلاسیک,شخصی,مردانه
267,پوشاک و اکسسوری,تیره و لوکس,چوبی,طبیعت‌محور,سرگرمی,مردانه
268,زیبایی و بهداشت,خنثی,خاص,کلاسیک,کاری,زنانه
269,خانه و دکور,تیره و لوکس,فلزات,فانتزی و خاص,شخصی,مردانه
270,ورزش و تناسب اندام,خنثی,پارچه,فانتزی و خاص,دکور,خنثی
271,پازل‌ها و بازی‌ها,طبیعی,خاص,کلاسیک,شخصی,زنانه
272,الکترونیک,خنثی,پارچه,طبیعت‌محور,شخصی,زنانه
273,زیبایی و بهداشت,طبیعی,پارچه,فانتزی و خاص,شخصی,مردانه
274,زیبایی و بهداشت,طبیعی,پارچه,لوکس و رسمی,سرگرمی,خنثی
275,الکترونیک,خنثی,ترکیبی,فانتزی و خاص,شخصی,خنثی
276,پازل‌ها و بازی‌ها,ثانویه,ترکیبی,کلاسیک,شخصی,مردانه
277,الکترونیک,تیره و لوکس,چوبی,کلاسیک,شخصی,خنثی
278,ورزش و تناسب اندام,تیره و لوکس,خاص,کلاسیک,کاری,مردانه
279,الکترونیک,اصلی,پارچه,کلاسیک,شخصی,مردانه
280,زیبایی و بهداشت,روشن و شاد,شیشه و سرامیک,منطقه‌ای,شخصی,مردانه
281,الکترونیک,خنثی,پارچه,کلاسیک,سلامت,خنثی
282,پوشاک و اکسسوری,طبیعی,چوبی,لوکس و رسمی,سرگرمی,زنانه
283,پازل‌ها و بازی‌ها,خنثی,خاص,مدرن,سلامت,زنانه
284,الکترونیک,خنثی,پارچه,کلاسیک,سلامت,مردانه
285,ورزش و تناسب اندام,اصلی,شیشه و سرامیک,هنری,شخصی,زنانه
286,کتاب و محصولات آموزشی,خنثی,چوبی,هنری,شخصی,مردانه
287,لوازم سفر و گردشگری,خنثی,ترکیبی,کلاسیک,شخصی,مردانه
288,الکترونیک,فلزی,پارچه,هنری,شخصی,مردانه
289,لوازم سفر و گردشگری,اصلی,فلزات,طبیعت‌محور,شخصی,مردانه
290,الکترونیک,خنثی,ترکیبی,کلاسیک,سرگرمی,مردانه
291,الکترونیک,فلزی,پارچه,فانتزی و خاص,شخصی,مردانه
292,الکترونیک,تیره و لوکس,چوبی,طبیعت‌محور,شخصی,مردانه
293,الکترونیک,روشن و شاد,پلاستیک,فانتزی و خاص,شخصی,زنانه
294,پوشاک و اکسسوری,خنثی,چوبی,لوکس و رسمی,شخصی,زنانه
295,الکترونیک,طبیعی,چوبی,منطقه‌ای,تناسب اندام,خنثی
296,زیبایی و بهداشت,خنثی,پارچه,لوکس و رسمی,شخصی,مردانه
297,الکترونیک,فلزی,فلزات,لوکس و رسمی,کاری,مردانه
298,الکترونیک,طبیعی,فلزات,کلاسیک,کاری,مردانه
299,الکترونیک,خنثی,خاص,طبیعت‌محور,شخصی,زنانه
300,الکترونیک,طبیعی,چوبی,طبیعت‌محور,تناسب اندام,مردانه
301,پازل‌ها و بازی‌ها,خنثی,ترکیبی,هنری,شخصی,مردانه
302,ورزش و تناسب اندام,خنثی,چوبی,مدرن,سلامت,مردانه
303,خانه و دکور,طبیعی,پارچه,طبیعت‌محور,سرگرمی,خنثی
304,لوازم سفر و گردشگری,طبیعی,پارچه,کلاسیک,شخصی,زنانه
305,خانه و دکور,خنثی,خاص,مدرن,سلامت,مردانه
306,زیبایی و بهداشت,خنثی,چوبی,فانتزی و خاص,شخصی,مردانه
307,کتاب و محصولات آموزشی,تیره و لوکس,پارچه,فانتزی و خاص,شخصی,مردانه
308,پوشاک و اکسسوری,خنثی,فلزات,کلاسیک,کاری,مردانه
309,کتاب و محصولات آموزشی,طبیعی,پلاستیک,مدرن,دکور,مردانه
310,الکترونیک,فلزی,پلاستیک,کلاسیک,دکور,زنانه
311,ورزش و تناسب اندام,خنثی,شیشه و سرامیک,کلاسیک,شخصی,زنانه
312,الکترونیک,خنثی,فلزات,کلاسیک,شخصی,مردانه
313,ورزش و تناسب اندام,خنثی,پلاستیک,لوکس و رسمی,شخصی,مردانه
314,لوازم سفر و گردشگری,فلزی,خاص,لوکس و رسمی,شخصی,زنانه
315,خانه و دکور,ثانویه,پارچه,طبیعت‌محور,تکنولوژی,مردانه
316,کتاب و محصولات آموزشی,خنثی,پارچه,منطقه‌ای,سرگرمی,مردانه
317,خانه و دکور,ثانویه,شیشه و سرامیک,کلاسیک,شخصی,خنثی
318,لوازم سفر و گردشگری,فلزی,چوبی,کلاسیک,شخصی,مردانه
319,الکترونیک,ثانویه,پارچه,منطقه‌ای,سلامت,زنانه
320,پازل‌ها و بازی‌ها,ثانویه,ترکیبی,مدرن,تکنولوژی,زنانه
321,الکترونیک,خنثی,پلاستیک,کلاسیک,شخصی,مردانه
322,خانه و دکور,تیره و لوکس,پارچه,هنری,دکور,مردانه
323,خانه و دکور,فلزی,پارچه,لوکس و رسمی,شخصی,مردانه
324,الکترونیک,خنثی,پلاستیک,مدرن,شخصی,مردانه
325,ورزش و تناسب اندام,خنثی,خاص,هنری,دکور,زنانه
326,کتاب و محصولات آموزشی,اصلی,چوبی,مدرن,کاری,مردانه
327,زیبایی و بهداشت,طبیعی,خاص,مدرن,سرگرمی,مردانه
328,پوشاک و اکسسوری,خنثی,چوبی,کلاسیک,شخصی,زنانه
329,ورزش و تناسب اندام,تیره و لوکس,پارچه,کلاسیک,سلامت,زنانه
330,لوازم سفر و گردشگری,روشن و شاد,چوبی,کلاسیک,شخصی,زنانه
331,زیبایی و بهداشت,خنثی,چوبی,فانتزی و خاص,تناسب اندام,زنانه
332,الکترونیک,تیره و لوکس,چوبی,کلاسیک,شخصی,مردانه
333,پازل‌ها و بازی‌ها,اصلی,پارچه,کلاسیک,شخصی,زنانه
334,زیبایی و بهداشت,فلزی,خاص,فانتزی و خاص,شخصی,مردانه
335,الکترونیک,طبیعی,خاص,مدرن,دکور,زنانه
336,لوازم سفر و گردشگری,خنثی,شیشه و سرامیک,کلاسیک,شخصی,زنانه
337,الکترونیک,طبیعی,ترکیبی,طبیعت‌محور,سرگرمی,زنانه
338,الکترونیک,خنثی,خاص,منطقه‌ای,شخصی,مردانه
339,الکترونیک,خنثی,فلزات,طبیعت‌محور,سلامت,مردانه
340,ورزش و تناسب اندام,خنثی,ترکیبی,طبیعت‌محور,شخصی,مردانه
341,کتاب و محصولات آموزشی,اصلی,پارچه,کلاسیک,شخصی,مردانه
342,زیبایی و بهداشت,طبیعی,چوبی,فانتزی و خاص,شخصی,مردانه
343,لوازم سفر و گردشگری,خنثی,پارچه,طبیعت‌محور,کاری,مردانه
344,کتاب و محصولات آموزشی,خنثی,ترکیبی,کلاسیک,شخصی,مردانه
345,کتاب و محصولات آموزشی,خنثی,ترکیبی,لوکس و رسمی,شخصی,زنانه
346,ورزش و تناسب اندام,خنثی,پلاستیک,کلاسیک,دکور,مردانه
347,الکترونیک,تیره و لوکس,پارچه,طبیعت‌محور,کاری,زنانه
348,زیبایی و بهداشت,اصلی,پارچه,کلاسیک,دکور,زنانه
349,پوشاک و اکسسوری,فلزی,چوبی,منطقه‌ای,تناسب اندام,مردانه
350,الکترونیک,اصلی,فلزات,مدرن,تناسب اندام,زنانه
351,الکترونیک,طبیعی,پارچه,کلاسیک,کاری,زنانه
352,پوشاک و اکسسوری,فلزی,ترکیبی,فانتزی و خاص,تکنولوژی,زنانه
353,الکترونیک,اصلی,فلزات,طبیعت‌محور,دکور,مردانه
354,الکترونیک,خنثی,پارچه,فانتزی و خاص,شخصی,مردانه
355,پوشاک و اکسسوری,طبیعی,فلزات,لوکس و رسمی,دکور,زنانه
356,الکترونیک,خنثی,پارچه,فانتزی و خاص,شخصی,خنثی
357,الکترونیک,فلزی,پارچه,هنری,شخصی,زنانه
358,الکترونیک,تیره و لوکس,پارچه,کلاسیک,سرگرمی,زنانه
359,پازل‌ها و بازی‌ها,روشن و شاد,پارچه,لوکس و رسمی,دکور,خنثی
360,زیبایی و بهداشت,خنثی,پلاستیک,فانتزی و خاص,سلامت,مردانه
361,الکترونیک,خنثی,پارچه,کلاسیک,تکنولوژی,مردانه
362,ورزش و تناسب اندام,خنثی,خاص,منطقه‌ای,کاری,مردانه
363,خانه و دکور,خنثی,شیشه و سرامیک,لوکس و رسمی,شخصی,مردانه
364,پوشاک و اکسسوری,روشن و شاد,پلاستیک,طبیعت‌محور,شخصی,زنانه
365,کتاب و محصولات آموزشی,تیره و لوکس,پارچه,کلاسیک,دکور,مردانه
366,لوازم سفر و گردشگری,خنثی,ترکیبی,لوکس و رسمی,شخصی,زنانه
367,الکترونیک,طبیعی,ترکیبی,کلاسیک,شخصی,زنانه
368,الکترونیک,طبیعی,خاص,لوکس و رسمی,تکنولوژی,زنانه
369,پازل‌ها و بازی‌ها,خنثی,پارچه,هنری,کاری,مردانه
370,کتاب و محصولات آموزشی,خنثی,فلزات,مدرن,شخصی,مردانه
371,زیبایی و بهداشت,خنثی,چوبی,کلاسیک,سرگرمی,زنانه
372,الکترونیک,تیره و لوکس,پارچه,هنری,سرگرمی,زنانه
373,خانه و دکور,خنثی,پارچه,مدرن,شخصی,مردانه
374,الکترونیک,خنثی,شیشه و سرامیک,کلاسیک,شخصی,زنانه
375,پوشاک و اکسسوری,تیره و لوکس,پارچه,منطقه‌ای,کاری,زنانه
376,کتاب و محصولات آموزشی,فلزی,شیشه و سرامیک,کلاسیک,شخصی,مردانه
377,الکترونیک,روشن و شاد,پارچه,لوکس و رسمی,سلامت,مردانه
378,ورزش و تناسب اندام,خنثی,چوبی,کلاسیک,کاری,مردانه
379,لوازم سفر و گردشگری,خنثی,خاص,مدرن,دکور,مردانه
380,الکترونیک,خنثی,پارچه,هنری,شخصی,زنانه
381,الکترونیک,خنثی,پارچه,کلاسیک,شخصی,زنانه
382,الکترونیک,فلزی,ترکیبی,مدرن,شخصی,خنثی
383,زیبایی و بهداشت,فلزی,چوبی,کلاسیک,شخصی,خنثی
384,الکترونیک,فلزی,پارچه,کلاسیک,دکور,زنانه
385,پازل‌ها و بازی‌ها,خنثی,خاص,فانتزی و خاص,شخصی,مردانه
386,ورزش و تناسب اندام,روشن و شاد,چوبی,مدرن,شخصی,زنانه
387,الکترونیک,خنثی,پارچه,منطقه‌ای,سرگرمی,زنانه
388,خانه و دکور,خنثی,پارچه,مدرن,سرگرمی,مردانه
389,خانه و دکور,تیره و لوکس,پلاستیک,فانتزی و خاص,دکور,مردانه
390,الکترونیک,خنثی,پارچه,کلاسیک,شخصی,زنانه
391,پازل‌ها و بازی‌ها,فلزی,ترکیبی,فانتزی و خاص,سلامت,زنانه
392,لوازم سفر و گردشگری,خنثی,فلزات,منطقه‌ای,کاری,زنانه
393,پازل‌ها و بازی‌ها,خنثی,شیشه و سرامیک,منطقه‌ای,سرگرمی,مردانه
394,کتاب و محصولات آموزشی,طبیعی,پارچه,هنری,شخصی,زنانه
395,الکترونیک,اصلی,پارچه,منطقه‌ای,شخصی,مردانه
396,لوازم سفر و گردشگری,خنثی,پارچه,کلاسیک,سرگرمی,خنثی
397,الکترونیک,ثانویه,پارچه,طبیعت‌محور,سلامت,مردانه
398,الکترونیک,خنثی,خاص,لوکس و رسمی,سرگرمی,زنانه
399,الکترونیک,روشن و شاد,شیشه و سرامیک,کلاسیک,شخصی,خنثی
400,الکترونیک,اصلی,چوبی,کلاسیک,شخصی,مردانه
401,الکترونیک,خنثی,فلزات,فانتزی و خاص,شخصی,مردانه
402,لوازم سفر و گردشگری,خنثی,پارچه,کلاسیک,شخصی,مردانه
403,الکترونیک,خنثی,پارچه,فانتزی و خاص,کاری,مردانه
404,کتاب و محصولات آموزشی,طبیعی,خاص,فانتزی و خاص,شخصی,مردانه
405,پوشاک و اکسسوری,خنثی,چوبی,کلاسیک,دکور,مردانه
406,الکترونیک,اصلی,فلزات,لوکس و رسمی,سرگرمی,زنانه
407,الکترونیک,خنثی,چوبی,کلاسیک,شخصی,مردانه
408,پوشاک و اکسسوری,تیره و لوکس,ترکیبی,لوکس و رسمی,دکور,مردانه
409,زیبایی و بهداشت,خنثی,خاص,کلاسیک,سلامت,مردانه
410,الکترونیک,طبیعی,فلزات,کلاسیک,شخصی,زنانه
411,الکترونیک,خنثی,پارچه,فانتزی و خاص,سلامت,زنانه
412,لوازم سفر و گردشگری,فلزی,پارچه,کلاسیک,شخصی,زنانه
413,زیبایی و بهداشت,طبیعی,پارچه,مدرن,سرگرمی,مردانه
414,لوازم سفر و گردشگری,اصلی,پارچه,طبیعت‌محور,شخصی,مردانه
415,لوازم سفر و گردشگری,تیره و لوکس,خاص,منطقه‌ای,سرگرمی,مردانه
416,الکترونیک,خنثی,پارچه,کلاسیک,تکنولوژی,زنانه
417,زیبایی و بهداشت,اصلی,شیشه و سرامیک,طبیعت‌محور,شخصی,مردانه
418,لوازم سفر و گردشگری,اصلی,پارچه,کلاسیک,تکنولوژی,زنانه
419,ورزش و تناسب اندام,خنثی,چوبی,کلاسیک,سرگرمی,زنانه
420,الکترونیک,اصلی,فلزات,طبیعت‌محور,شخصی,خنثی
421,پوشاک و اکسسوری,روشن و شاد,فلزات,کلاسیک,شخصی,زنانه
422,الکترونیک,خنثی,چوبی,کلاسیک,شخصی,مردانه
423,پوشاک و اکسسوری,اصلی,چوبی,کلاسیک,شخصی,زنانه
424,کتاب و محصولات آموزشی,طبیعی,پارچه,کلاسیک,شخصی,مردانه
425,زیبایی و بهداشت,فلزی,پارچه,مدرن,سرگرمی,مردانه
426,خانه و دکور,خنثی,پارچه,کلاسیک,شخصی,خنثی
427,الکترونیک,طبیعی,پارچه,کلاسیک,تناسب اندام,مردانه
428,لوازم سفر و گردشگری,فلزی,پارچه,مدرن,تناسب اندام,زنانه
429,کتاب و محصولات آموزشی,خنثی,پارچه,کلاسیک,دکور,خنثی
430,زیبایی و بهداشت,خنثی,چوبی,کلاسیک,شخصی,زنانه
431,زیبایی و بهداشت,خنثی,پارچه,کلاسیک,شخصی,مردانه
432,کتاب و محصولات آموزشی,اصلی,فلزات,منطقه‌ای,تکنولوژی,زنانه
433,الکترونیک,فلزی,چوبی,مدرن,شخصی,مردانه
434,زیبایی و بهداشت,فلزی,خاص,کلاسیک,دکور,مردانه
435,لوازم سفر و گردشگری,طبیعی,فلزات,لوکس و رسمی,کاری,مردانه
436,زیبایی و بهداشت,فلزی,چوبی,مدرن,سرگرمی,زنانه
437,الکترونیک,روشن و شاد,پارچه,کلاسیک,شخصی,مردانه
438,الکترونیک,تیره و لوکس,پارچه,لوکس و رسمی,سلامت,مردانه
439,زیبایی و بهداشت,فلزی,پارچه,هنری,شخصی,مردانه
440,الکترونیک,طبیعی,چوبی,مدرن,شخصی,زنانه
441,الکترونیک,خنثی,شیشه و سرامیک,لوکس و رسمی,کاری,مردانه
442,الکترونیک,اصلی,خاص,فانتزی و خاص,شخصی,مردانه
443,خانه و دکور,فلزی,پارچه,لوکس و رسمی,شخصی,مردانه
444,پوشاک و اکسسوری,خنثی,پارچه,طبیعت‌محور,تناسب اندام,زنانه
445,خانه و دکور,روشن و شاد,چوبی,فانتزی و خاص,سلامت,مردانه
446,ورزش و تناسب اندام,فلزی,پارچه,کلاسیک,سرگرمی,مردانه
447,لوازم سفر و گردشگری,فلزی,پارچه,مدرن,دکور,مردانه
448,الکترونیک,خنثی,ترکیبی,کلاسیک,شخصی,مردانه
449,زیبایی و بهداشت,فلزی,چوبی,کلاسیک,شخصی,مردانه
450,لوازم سفر و گردشگری,فلزی,خاص,کلاسیک,شخصی,خنثی
